"id";"password";"userType"
"2110000001";"t1";"Teacher"
"2110000002";"t2";"Teacher"
"2110000003";"t3";"Teacher"
"2110000004";"t4";"Teacher"
"2110000005";"t5";"Teacher"
"2110000006";"t6";"Teacher"
"2110000007";"t7";"Teacher"
"2110000008";"t8";"Teacher"
"2110000009";"t9";"Teacher"
"2110000010";"t10";"Teacher"
"2110010001";"o1";"Officer"
"2110010002";"o2";"Officer"
"2110010003";"o3";"Officer"
"2110010004";"o4";"Officer"
"2110010005";"o5";"Officer"
"2110010006";"o6";"Officer"
"2110010007";"o7";"Officer"
"2110010008";"o8";"Officer"
"2110010009";"o9";"Officer"
"2110010010";"o10";"Officer"
"5730000121";"s5701";"Student"
"5730000221";"s5702";"Student"
"5830000121";"s5801";"Student"
"5830000221";"s5802";"Student"
"5930000121";"s5901";"Student"
"5930000221";"s5902";"Student"
"6030000121";"s6001";"Student"
"6030000221";"s6002";"Student"
"6130000121";"s6101";"Student"
"6130000221";"s6102";"Student"
